"Bayesian","State.Space","Poisson","scenario"
0.1181028,0.1747192,0.3303008,"1"
0.3843609,0.551906,0.2219449,"2"
0.1241288,0.1668921,0.05374308,"3"
0.1799923,0.2710995,0.3504546,"4"
0.2182606,0.1994911,0.1013404,"5"
0.1425726,0.2413702,0.1597601,"6"
5.052388,1.270151,1.48554,"7"
0.2688836,9.229951e+17,0.2083447,"8"
